made_at,base_date,code,name,base_close,stat_p,final_p,week_stat_p,week_p,week_price,month_p,year_p,f_adr,f_night,f_us_index,f_nvda,f_vix,f_limit,f_foreign,f_trust,f_margin,f_fut_oi,f_news_market,f_news_stock,f_revenue,f_holders,f_sbl,f_put_call,w_carry,w_flows,w_reversal,w_bollinger,w_sentiment,target_date,ret_1d,ret_1w
2026-09-24T09:13+08:00,2026-09-23,2330.TW,台積電,2500.0,49.2,57.3,53.6,61.3,2534.68,59.3,77.9,0.0,0.77,1.22,0.0,0.0,0.0,4.0,-2.0,0.0,-2.0,2.0,3.0,1.5,0.0,0.0,-1.0,4.05,4.0,0.0,0.0,-1.5,2026-09-24,-1.0,
2026-09-24T09:13+08:00,2026-09-23,3711.TW,日月光投控,693.0,45.9,56.6,50.5,63.5,716.36,55.0,65.6,0.0,0.92,1.22,0.0,0.0,0.0,6.0,-2.0,1.0,-2.0,2.0,1.5,1.5,0.0,1.0,-1.0,5.35,4.0,0.0,0.0,-1.5,2026-09-24,0.866,
2026-09-24T09:13+08:00,2026-09-23,6223.TWO,旺矽,5620.0,45.7,50.9,37.4,57.4,5746.35,55.6,62.9,0.0,0.92,1.22,0.0,0.0,0.0,4.0,-2.0,0.0,-2.0,2.0,0.0,1.5,0.0,0.0,-1.0,2.6,1.12,0.0,0.0,-1.5,2026-09-24,-3.648,
2026-09-24T09:13+08:00,2026-09-23,6515.TW,穎崴,5995.0,48.7,48.9,57.8,50.4,6001.78,57.8,74.0,0.0,0.92,1.22,0.0,0.0,0.0,-2.0,-2.0,0.0,-2.0,2.0,0.0,1.5,0.0,1.0,-1.0,0.1,-4.0,0.0,0.0,-1.5,2026-09-24,-2.419,
2026-09-24T09:13+08:00,2026-09-23,2317.TW,鴻海,256.0,40.9,50.2,42.0,61.4,259.64,56.4,66.8,0.0,0.92,1.22,0.0,0.0,0.0,4.0,2.0,0.0,-2.0,2.0,0.0,1.5,0.0,0.0,-1.0,4.6,2.01,0.0,0.0,-1.5,2026-09-24,-2.148,
2026-09-24T09:13+08:00,2026-09-23,3231.TW,緯創,180.0,47.9,47.6,51.3,49.9,179.97,53.8,64.8,0.0,0.92,1.22,0.0,0.0,0.0,-4.0,-2.0,0.0,-2.0,2.0,1.5,1.5,0.0,1.0,-1.0,-0.15,-4.0,0.0,0.0,-1.5,2026-09-24,2.5,
2026-09-24T09:13+08:00,2026-09-23,2382.TW,廣達,341.5,51.0,54.2,60.6,57.1,345.04,54.6,65.8,0.0,0.92,1.22,0.0,0.0,0.0,-6.0,2.0,0.0,-2.0,2.0,4.0,1.5,0.0,0.0,-1.0,1.6,4.0,0.0,0.0,-1.5,2026-09-24,-0.878,
2026-09-24T09:13+08:00,2026-09-23,1519.TW,華城,704.0,42.2,38.4,43.1,49.5,703.46,53.0,59.4,0.0,0.92,-1.13,0.0,0.0,0.0,-6.0,0.0,0.0,-2.0,2.0,4.0,0.0,0.0,0.0,-1.0,-1.9,1.37,0.0,0.0,-1.5,2026-09-24,-0.71,
2026-09-24T09:13+08:00,2026-09-23,2409.TW,友達,34.7,43.7,44.4,44.8,54.2,35.03,50.4,52.9,0.0,0.92,1.22,0.0,0.0,0.0,-4.0,0.0,0.0,-2.0,2.0,3.0,0.0,0.0,0.0,-1.0,0.35,2.76,0.0,0.0,-1.5,2026-09-24,-1.441,
2026-09-24T09:13+08:00,2026-09-23,3481.TW,群創,49.6,42.8,43.5,47.6,52.4,49.85,48.0,43.9,0.0,0.92,1.22,0.0,0.0,0.0,-4.0,0.0,0.0,-2.0,2.0,3.0,0.0,0.0,0.0,-1.0,0.35,-0.85,0.0,0.0,-1.5,2026-09-24,-0.101,
2026-09-24T09:13+08:00,2026-09-23,0050.TW,元大台灣50,112.45,53.3,56.6,54.3,54.6,113.04,62.6,72.2,0.0,1.53,1.22,0.0,0.0,0.0,-4.0,2.0,0.0,-2.0,2.0,3.0,0.0,0.0,0.0,-1.0,1.65,-1.12,0.0,0.0,-1.5,2026-09-24,-0.044,
2026-09-24T09:13+08:00,2026-09-23,0056.TW,元大高股息,56.6,53.4,48.3,54.9,47.7,56.49,61.8,73.3,0.0,1.53,-1.13,0.0,0.0,0.0,-4.0,0.0,0.0,-2.0,2.0,0.0,0.0,0.0,0.0,-1.0,-2.6,0.48,0.0,0.0,-1.5,2026-09-24,0.088,
2026-09-24T09:13+08:00,2026-09-23,00878.TW,國泰永續高股息,35.09,55.5,49.8,59.4,46.6,35.0,60.7,71.2,0.0,1.53,-1.13,0.0,0.0,0.0,-4.0,0.0,1.0,-2.0,2.0,-1.5,0.0,0.0,0.0,-1.0,-2.85,-0.77,0.0,0.0,-1.5,2026-09-24,-0.598,
2026-09-25T09:14+08:00,2026-09-24,2330.TW,台積電,2475.0,48.8,44.2,55.1,49.4,2473.22,59.3,78.0,0.0,-0.9,-0.5,0.0,0.0,0.0,-4.0,-2.0,0.0,-2.0,1.0,4.0,1.5,0.0,0.0,0.0,-2.25,1.2,0.0,0.0,0.0,2026-09-29,0.404,
2026-09-25T09:14+08:00,2026-09-24,3711.TW,日月光投控,699.0,45.3,52.9,50.7,61.6,718.99,55.0,65.6,0.0,-1.08,-0.5,0.0,0.0,0.0,6.0,-2.0,0.0,-2.0,1.0,4.0,1.5,1.5,0.0,0.0,3.85,4.0,0.0,0.0,0.0,2026-09-29,-2.146,
2026-09-25T09:14+08:00,2026-09-24,6223.TWO,旺矽,5415.0,47.0,38.8,41.3,45.0,5335.96,55.6,62.9,0.0,-1.08,-0.5,0.0,0.0,0.0,-4.0,-2.0,0.0,-2.0,1.0,0.0,1.5,0.0,0.0,0.0,-4.05,-1.23,0.0,0.0,0.0,2026-09-29,-4.155,
2026-09-25T09:14+08:00,2026-09-24,6515.TW,穎崴,5850.0,48.6,37.4,58.6,40.9,5701.56,57.8,74.0,0.0,-1.08,-0.5,0.0,0.0,0.0,-4.0,-2.0,0.0,-2.0,1.0,0.0,1.5,-1.5,-1.5,0.0,-5.6,-4.0,0.0,0.0,0.0,2026-09-29,-2.308,
2026-09-25T09:14+08:00,2026-09-24,2317.TW,鴻海,250.5,42.0,34.4,45.3,44.1,248.68,56.4,66.8,0.0,-1.08,-0.5,0.0,0.0,0.0,-4.0,0.0,0.0,-2.0,1.0,-1.5,1.5,0.0,0.0,0.0,-3.75,-4.0,0.0,0.0,0.0,2026-09-29,0.599,
2026-09-25T09:14+08:00,2026-09-24,3231.TW,緯創,184.5,51.1,51.0,51.5,51.0,184.82,53.8,64.8,0.0,-1.08,-0.5,0.0,0.0,0.0,4.0,-2.0,0.0,-2.0,1.0,0.0,1.5,-1.5,1.0,0.0,0.05,-4.0,0.0,0.0,0.0,2026-09-29,-0.271,
2026-09-25T09:14+08:00,2026-09-24,2382.TW,廣達,338.5,49.6,43.1,60.4,47.1,337.08,54.6,65.8,0.0,-1.08,-0.5,0.0,0.0,0.0,-6.0,2.0,0.0,-2.0,1.0,0.0,1.5,0.0,0.0,0.0,-3.25,0.26,0.0,0.0,0.0,2026-09-29,-0.148,
2026-09-25T09:14+08:00,2026-09-24,1519.TW,華城,699.0,43.9,34.8,44.4,44.7,693.38,53.0,59.4,0.0,-1.08,-0.04,0.0,0.0,0.0,-6.0,0.0,0.0,-2.0,1.0,0.0,0.0,0.0,0.0,0.0,-4.55,-0.06,0.0,0.0,0.0,2026-09-29,-0.286,
2026-09-25T09:14+08:00,2026-09-24,2409.TW,友達,34.2,43.5,36.1,44.7,47.1,33.98,50.4,52.9,0.0,-1.08,-0.5,0.0,0.0,0.0,-4.0,0.0,0.0,-2.0,1.0,-1.5,0.0,1.5,0.0,0.0,-3.65,1.59,0.0,0.0,0.0,2026-09-29,2.047,
2026-09-25T09:14+08:00,2026-09-24,3481.TW,群創,49.55,44.1,43.4,48.3,52.0,49.76,48.0,43.9,0.0,-1.08,-0.5,0.0,0.0,0.0,0.0,0.0,0.0,-2.0,1.0,3.0,0.0,0.0,0.0,0.0,-0.3,-0.78,0.0,0.0,0.0,2026-09-29,0.202,
2026-09-25T09:14+08:00,2026-09-24,0050.TW,元大台灣50,112.4,51.8,48.9,55.8,48.3,112.18,62.6,72.2,0.0,-1.8,-0.5,0.0,0.0,0.0,-4.0,0.0,1.0,-2.0,1.0,3.0,0.0,1.5,0.0,0.0,-1.45,-4.0,0.0,0.0,0.0,2026-09-29,-0.534,
2026-09-25T09:14+08:00,2026-09-24,0056.TW,元大高股息,56.65,53.8,45.5,55.9,43.9,56.35,61.8,73.4,0.0,-1.8,-0.04,0.0,0.0,0.0,-6.0,0.0,0.0,-2.0,1.0,1.5,0.0,0.0,0.0,0.0,-4.2,-2.93,0.0,0.0,0.0,2026-09-29,0.0,
2026-09-25T09:14+08:00,2026-09-24,00878.TW,國泰永續高股息,34.88,55.8,51.8,60.2,48.2,34.84,60.7,71.2,0.0,-1.8,-0.04,0.0,0.0,0.0,-2.0,0.0,0.0,-2.0,1.0,1.5,0.0,0.0,0.0,0.0,-2.05,-2.05,0.0,0.0,0.0,2026-09-29,0.459,
2026-09-30T09:54+08:00,2026-09-29,2330.TW,台積電,2475.0,48.9,55.2,53.5,57.2,2496.57,59.3,78.0,3.59,0.73,1.97,-0.58,0.0,0.0,-4.0,2.0,0.0,-2.0,3.0,1.5,1.5,0.0,0.0,-1.0,3.2,-1.72,0.0,0.0,-1.5,2026-09-30,0.202,
2026-09-30T09:54+08:00,2026-09-29,3711.TW,日月光投控,687.0,45.5,48.6,51.5,57.0,698.59,55.0,65.6,1.43,0.88,1.97,-0.58,0.0,0.0,-2.0,-2.0,0.0,-2.0,3.0,1.5,1.5,1.5,0.0,-1.0,1.55,4.0,0.0,0.0,-1.5,2026-09-30,2.329,
2026-09-30T09:54+08:00,2026-09-29,6223.TWO,旺矽,5185.0,49.3,52.6,44.2,53.7,5241.01,55.7,62.9,0.72,0.88,-0.25,0.0,0.0,0.0,4.0,-2.0,0.0,-2.0,3.0,1.5,0.0,0.0,0.0,-1.0,1.55,-2.58,0.0,0.0,-1.5,2026-09-30,-1.157,
2026-09-30T09:54+08:00,2026-09-29,6515.TW,穎崴,5675.0,49.1,42.3,58.2,43.9,5583.06,57.8,74.0,1.43,0.88,1.97,-0.58,0.0,0.0,-6.0,-2.0,0.0,-2.0,3.0,-1.5,1.5,-1.5,0.0,-1.0,-3.5,-4.0,0.0,0.0,-1.5,2026-09-30,4.493,
2026-09-30T09:54+08:00,2026-09-29,2317.TW,鴻海,250.5,43.5,50.3,44.9,57.0,252.68,56.4,66.8,0.72,0.88,1.97,-0.58,0.0,0.0,2.0,0.0,0.0,-2.0,3.0,1.5,1.5,0.0,0.0,-1.0,3.35,-2.36,0.0,0.0,-1.5,2026-09-30,0.399,
2026-09-30T09:54+08:00,2026-09-29,3231.TW,緯創,185.5,50.9,59.2,51.1,57.7,188.03,53.9,64.8,0.72,0.88,1.97,-0.58,0.0,0.0,4.0,0.0,0.0,-2.0,3.0,1.5,1.5,-1.5,1.0,-1.0,4.1,-4.0,0.0,0.0,-1.5,2026-09-30,-0.539,
2026-09-30T09:54+08:00,2026-09-29,2382.TW,廣達,336.5,49.1,57.1,60.3,59.1,340.97,54.6,65.8,0.72,0.88,1.97,-0.58,0.0,0.0,2.0,0.0,0.0,-2.0,3.0,3.0,1.5,0.0,0.0,-1.0,4.0,-0.64,0.0,0.0,-1.5,2026-09-30,-0.892,
2026-09-30T09:54+08:00,2026-09-29,1519.TW,華城,688.0,44.0,39.3,45.0,45.9,683.69,53.0,59.4,0.72,0.88,-0.25,0.0,0.0,0.0,-6.0,2.0,0.0,-2.0,3.0,0.0,0.0,0.0,0.0,-1.0,-2.4,-4.0,0.0,0.0,-1.5,2026-09-30,0.727,
2026-09-30T09:54+08:00,2026-09-29,2409.TW,友達,35.05,43.3,50.5,45.6,59.5,35.85,50.4,52.9,0.72,0.88,1.97,-0.58,0.0,0.0,0.0,0.0,0.0,-2.0,3.0,4.0,0.0,1.5,0.0,-1.0,3.55,1.97,0.0,0.0,-1.5,2026-09-30,9.986,
2026-09-30T09:54+08:00,2026-09-29,3481.TW,群創,49.75,44.1,51.8,54.2,59.0,50.73,48.0,43.9,0.72,0.88,1.97,-0.58,0.0,0.0,2.0,0.0,0.0,-2.0,3.0,4.0,0.0,0.0,0.0,-1.0,3.8,-0.01,0.0,0.0,-1.5,2026-09-30,9.95,
2026-09-30T09:54+08:00,2026-09-29,0050.TW,元大台灣50,111.3,52.0,53.6,55.9,51.5,111.49,62.6,72.2,2.15,1.47,1.97,-0.58,0.0,0.0,-6.0,2.0,1.0,-2.0,3.0,-1.5,0.0,1.5,0.0,-1.0,0.7,-4.0,0.0,0.0,-1.5,2026-10-01,0.854,
2026-09-30T09:54+08:00,2026-09-29,0056.TW,元大高股息,56.55,53.6,47.5,55.7,44.6,56.28,61.8,73.4,0.72,1.47,-0.25,0.0,0.0,0.0,-6.0,0.0,0.0,-2.0,3.0,0.0,0.0,0.0,0.0,-1.0,-3.15,-3.81,0.0,0.0,-1.5,2026-10-01,0.354,
2026-09-30T09:54+08:00,2026-09-29,00878.TW,國泰永續高股息,34.83,55.3,54.3,60.5,50.4,34.84,60.8,71.2,0.72,1.47,-0.25,0.0,0.0,0.0,0.0,0.0,0.0,-2.0,3.0,-1.5,0.0,0.0,0.0,-1.0,-0.6,-1.38,0.0,0.0,-1.5,2026-10-01,-0.057,
2026-10-01T09:52+08:00,2026-09-30,2330.TW,台積電,2480.0,49.2,49.8,54.7,52.4,2487.13,59.3,78.0,-0.66,0.62,-0.01,0.41,0.0,0.0,0.0,2.0,0.0,-2.0,-1.0,0.0,1.5,0.0,0.0,0.0,0.3,-1.97,0.0,0.0,0.0,,,
2026-10-01T09:52+08:00,2026-09-30,3711.TW,日月光投控,703.0,45.2,48.7,50.7,57.8,716.09,55.0,65.6,-0.26,0.74,-0.01,0.41,0.0,0.0,4.0,-2.0,0.0,-2.0,-1.0,1.5,1.5,1.5,0.0,0.0,1.8,3.53,0.0,0.0,0.0,,,
2026-10-01T09:52+08:00,2026-09-30,6223.TWO,旺矽,5125.0,50.1,52.0,44.6,53.1,5170.4,55.7,62.9,-0.26,0.74,-0.01,0.41,0.0,0.0,4.0,-2.0,0.0,-2.0,-1.0,1.5,1.5,0.0,0.0,0.0,0.95,-2.93,0.0,0.0,0.0,,,
2026-10-01T09:52+08:00,2026-09-30,6515.TW,穎崴,5930.0,47.9,45.0,54.2,48.4,5905.41,57.7,74.1,-0.26,0.74,-0.01,0.41,0.0,0.0,-2.0,-2.0,0.0,-2.0,-1.0,4.0,1.5,-1.5,0.0,0.0,-1.4,-4.0,0.0,0.0,0.0,,,
2026-10-01T09:52+08:00,2026-09-30,2317.TW,鴻海,251.5,44.4,47.2,42.6,55.1,253.07,56.4,66.8,-0.13,0.74,-0.01,0.41,0.0,0.0,4.0,0.0,0.0,-2.0,-1.0,0.0,1.5,0.0,0.0,0.0,1.4,-0.51,0.0,0.0,0.0,,,
2026-10-01T09:52+08:00,2026-09-30,3231.TW,緯創,184.5,50.5,47.3,51.0,48.1,183.89,53.9,64.8,-0.13,0.74,-0.01,0.41,0.0,0.0,-2.0,0.0,0.0,-2.0,-1.0,0.0,1.5,-1.5,1.0,0.0,-1.55,-4.0,0.0,0.0,0.0,,,
2026-10-01T09:52+08:00,2026-09-30,2382.TW,廣達,333.5,48.2,42.7,56.2,46.0,331.59,54.6,65.8,-0.13,0.74,-0.01,0.41,0.0,0.0,-4.0,0.0,0.0,-2.0,-1.0,-1.5,1.5,0.0,0.0,0.0,-2.8,-3.61,0.0,0.0,0.0,,,
2026-10-01T09:52+08:00,2026-09-30,1519.TW,華城,693.0,40.8,32.9,39.6,43.6,686.32,53.0,59.4,-0.13,0.74,-0.38,0.0,0.0,0.0,-4.0,0.0,0.0,-2.0,-1.0,-1.5,0.0,0.0,0.0,0.0,-4.05,-4.0,0.0,0.0,0.0,,,
2026-10-01T09:52+08:00,2026-09-30,2409.TW,友達,38.55,43.1,50.0,45.4,59.4,39.39,50.4,52.9,-0.13,0.74,-0.01,0.41,0.0,8.0,4.0,0.0,0.0,-2.0,-1.0,4.0,0.0,1.5,0.0,0.0,3.4,0.79,0.0,0.0,0.0,,,
2026-10-01T09:52+08:00,2026-09-30,3481.TW,群創,54.7,44.0,47.2,54.9,56.5,55.47,48.0,43.9,-0.13,0.74,-0.01,0.41,0.0,8.0,4.0,0.0,-2.0,-2.0,-1.0,4.0,0.0,0.0,0.0,0.0,1.55,1.57,0.0,0.0,0.0,,,
2026-10-01T09:52+08:00,2026-09-30,0050.TW,元大台灣50,112.05,53.1,51.7,54.5,49.5,111.99,62.6,72.2,-0.39,1.23,-0.01,0.41,0.0,0.0,-4.0,2.0,0.0,-2.0,-1.0,0.0,0.0,1.5,0.0,0.0,-0.8,-4.0,0.0,0.0,0.0,,,
2026-10-01T09:52+08:00,2026-09-30,0056.TW,元大高股息,56.95,54.2,55.1,56.1,52.0,57.05,61.8,73.4,-0.13,1.23,-0.38,0.0,0.0,0.0,4.0,0.0,0.0,-2.0,-1.0,0.0,0.0,0.0,0.0,0.0,0.4,-3.17,0.0,0.0,0.0,,,
2026-10-01T09:52+08:00,2026-09-30,00878.TW,國泰永續高股息,34.9,55.6,53.0,60.2,49.7,34.89,60.8,71.2,-0.13,1.23,-0.38,0.0,0.0,0.0,0.0,0.0,0.0,-2.0,-1.0,0.0,0.0,0.0,0.0,0.0,-1.35,-1.66,0.0,0.0,0.0,,,
